attack_folder,ids_sequence
100,"T1071.001, T1204.002, T1071.001, T1059.001, T1082, T1087.001, T1069.002, T1059.003, T1053.005, T1106, T1074.001, T1113, T1005, T1548.002, T1071.001, T1059.001, T1562.001, T1059.003, T1562.009, T1112, T1490, T1112, T1562.001, T1112"
101,"T1071.001, T1204.002, T1071.001, T1083, T1059.003, T1018, T1059.001, T1082, T1547.001, T1005, T1106, T1074.001, T1113, T1548.002, T1071.001, T1059.003, T1112, T1562.001, T1059.001, T1562.001, T1562.001, T1562.009, T1112, T1112"
102,"T1071.001, T1566.002, T1204.002, T1071.001, T1083, T1049, T1059.001, T1082, T1134, T1059.003, T1547.001, T1005, T1106, T1560, T1113, T1112, T1112, T1562.009, T1059.001, T1562.001, T1112, T1112, T1562.001"
103,"T1071.001, T1566.002, T1204.002, T1071.001, T1071.001, T1566.002, T1059.001, T1547.001, T1005, T1106, T1074.001, T1113, T1071.001, T1134, T1059.003, T1490, T1112, T1112, T1562.009, T1112, T1204.002, T1566.002, T1566.002, T1071.001, T1071.001, T1566.002, T1059.003, T1071.001, T1059.001, T1562.001, T1562.001"
104,"T1071.001, T1566.002, T1059.001, T1620, T1071.001, T1059.001, T1082, T1057, T1059.003, T1069.001, T1005, T1071.001, T1204.002, T1547.001, T1005, T1106, T1074.001, T1113, T1548.002, T1071.001, T1059.003, T1112, T1112, T1112, T1059.001, T1562.001, T1562.001, T1112, T1562.009"
105,"T1071.001, T1566.002, T1204.002, T1071.001, T1087.001, T1059.001, T1082, T1083, T1071.001, T1566.002, T1547.001, T1113, T1106, T1074.001, T1005, T1134, T1059.003, T1562.001, T1112, T1562.001, T1112, T1112, T1112, T1112"
106,"T1071.001, T1566.002, T1059.001, T1620, T1071.001, T1018, T1059.001, T1057, T1071.001, T1566.002, T1547.001, T1106, T1074.001, T1113, T1005, T1134, T1059.003, T1490, T1059.001, T1562.001, T1112, T1112, T1562.009, T1112"
107,"T1071.001, T1566.002, T1059.001, T1620, T1071.001, T1083, T1018, T1083, T1071.001, T1566.002, T1059.001, T1547.004, T1106, T1074.001, T1113, T1005, T1071.001, T1134, T1059.003, T1490, T1059.001, T1562.001, T1112, T1112, T1562.009, T1112, T1112"
108,"T1071.001, T1204.002, T1071.001, T1087.001, T1018, T1059.001, T1057, T1547.004, T1106, T1074.001, T1113, T1005, T1134, T1059.003, T1490, T1562.001, T1112, T1112, T1562.009, T1112, T1112"
109,"T1071.001, T1566.002, T1059.001, T1620, T1071.001, T1087.001, T1018, T1059.001, T1057, T1071.001, T1566.002, T1547.004, T1106, T1074.001, T1113, T1005, T1071.001, T1134, T1059.003, T1490, T1562.001, T1112, T1112, T1562.009, T1112, T1112"
10_RoyalRansomware,"T1071.001, T1566.002, T1059.001, T1620, T1071.001, T1087.001, T1083, T1071.001, T1566.002, T1059.003, T1547.001, T1059.001, T1005, T1106, T1074.001, T1113, T1134, T1059.003, T1490, T1112, T1562.001, T1562.001, T1562.009, T1059.001, T1562.001"
110,"T1071.001, T1566.002, T1204.002, T1071.001, T1059.001, T1082, T1018, T1057, T1071.001, T1566.002, T1547.001, T1106, T1560, T1113, T1005, T1548.002, T1204.002, T1071.001, T1059.003, T1490, T1059.001, T1562.001, T1112, T1112, T1562.009, T1112, T1112"
111,"T1071.001, T1566.002, T1059.001, T1620, T1071.001, T1059.001, T1057, T1057, T1083, T1071.001, T1059.003, T1059.003, T1071.001, T1204.002, T1053.005, T1005, T1113, T1106, T1074.001, T1134, T1059.003, T1112, T1562.001, T1112, T1490, T1562.001, T1059.001, T1562.001, T1112"
112,"T1071.001, T1566.002, T1059.001, T1620, T1071.001, T1083, T1059.001, T1082, T1071.001, T1566.002, T1059.003, T1547.001, T1005, T1113, T1106, T1074.001, T1134, T1059.003, T1112, T1562.001, T1112, T1490, T1562.001, T1059.001, T1562.001, T1112"
113,"T1071.001, T1566.002, T1059.001, T1620, T1071.001, T1059.001, T1057, T1057, T1083, T1134, T1071.001, T1566.002, T1059.001, T1547.001, T1005, T1113, T1106, T1074.001, T1059.003, T1112, T1562.001, T1112, T1490, T1562.001, T1562.001, T1112"
114,"T1071.001, T1566.002, T1204.002, T1071.001, T1059.001, T1057, T1057, T1083, T1071.001, T1566.002, T1547.001, T1005, T1113, T1106, T1074.001, T1134, T1059.003, T1112, T1562.001, T1112, T1490, T1562.001, T1059.001, T1562.001, T1112"
115,"T1071.001, T1566.002, T1204.002, T1071.001, T1059.001, T1057, T1057, T1083, T1071.001, T1204.002, T1547.001, T1005, T1113, T1106, T1074.001, T1071.001, T1548.002, T1071.001, T1059.003, T1112, T1562.001, T1112, T1490, T1562.001, T1059.001, T1562.001, T1112"
116,"T1071.001, T1566.002, T1059.001, T1620, T1071.001, T1059.003, T1018, T1087.002, T1059.001, T1135, T1071.001, T1113, T1071.001, T1204.002, T1547.001, T1113, T1112, T1548.002, T1113, T1071.001, T1566.002, T1059.003, T1562.001, T1566.002, T1059.001, T1071.001, T1059.001, T1562.001, T1562.009, T1112, T1562.001, T1112, T1490, T1112"
117,"T1071.001, T1566.002, T1059.001, T1620, T1071.001, T1083, T1059.003, T1018, T1087.001, T1059.001, T1135, T1071.001, T1204.002, T1547.001, T1113, T1106, T1074.001, T1005, T1112, T1071.001, T1134, T1059.003, T1562.001, T1106, T1071.001, T1059.003, T1059.001, T1059.001, T1548.002, T1566.002, T1204.002, T1071.001, T1204.002, T1071.001, T1203, T1203, T1059.001, T1562.001, T1562.009, T1112, T1562.001, T1112, T1490, T1112"
118,"T1071.001, T1566.002, T1059.001, T1620, T1071.001, T1083, T1059.003, T1018, T1087.002, T1059.001, T1135, T1071.001, T1566.002, T1053.005, T1113, T1106, T1074.001, T1005, T1112, T1204.002, T1548.002, T1071.001, T1059.001, T1562.001, T1562.001, T1059.003, T1562.009, T1112, T1562.001, T1112, T1490, T1112"
119,"T1071.001, T1204.002, T1071.001, T1083, T1059.003, T1018, T1087.001, T1059.001, T1135, T1547.004, T1113, T1106, T1074.001, T1005, T1112, T1071.001, T1134, T1059.003, T1562.001, T1134, T1059.001, T1562.001, T1562.009, T1112, T1562.001, T1112, T1490, T1112"
11_DeputydogCampaign,"T1071.001, T1566.002, T1059.001, T1620, T1071.001, T1049, T1059.001, T1082, T1083, T1071.001, T1204.002, T1547.001, T1106, T1074.001, T1005, T1113, T1204.002, T1204.002, T1204.002, T1548.002, T1204.002, T1071.001, T1071.001, T1059.003, T1112, T1562.001, T1112, T1112, T1562.001, T1112, T1490, T1053.005, T1059.001, T1059.001, T1562.001"
120,"T1071.001, T1566.002, T1059.001, T1620, T1071.001, T1083, T1059.003, T1018, T1087.001, T1059.001, T1135, T1071.001, T1204.002, T1547.001, T1113, T1106, T1074.001, T1005, T1112, T1204.002, T1548.002, T1071.001, T1059.001, T1059.003, T1562.001, T1059.001, T1071.001, T1204.002, T1204.002, T1566.002, T1059.001, T1562.001, T1562.009, T1112, T1562.001, T1112, T1490, T1112"
121,"T1071.001, T1566.002, T1059.001, T1620, T1071.001, T1059.001, T1057, T1018, T1005, T1106, T1074.001, T1134, T1059.003, T1562.009, T1112, T1059.001, T1562.001, T1562.001, T1562.001, T1112"
122,"T1071.001, T1566.002, T1204.002, T1071.001, T1059.003, T1018, T1059.001, T1057, T1018, T1071.001, T1566.002, T1053.005, T1113, T1005, T1106, T1074.001, T1204.002, T1204.002, T1548.002, T1204.002, T1071.001, T1204.002, T1059.003, T1562.009, T1112, T1059.001, T1562.001, T1562.001, T1562.001, T1112"
123,"T1071.001, T1566.002, T1204.002, T1071.001, T1059.003, T1018, T1059.001, T1057, T1018, T1071.001, T1204.002, T1053.005, T1113, T1005, T1134, T1059.003, T1562.009, T1112, T1059.001, T1562.001, T1562.001, T1562.001, T1112"
124,"T1071.001, T1566.002, T1059.001, T1620, T1071.001, T1059.003, T1018, T1059.001, T1057, T1018, T1071.001, T1105, T1547.004, T1113, T1005, T1106, T1074.001, T1134, T1059.003, T1562.009, T1112, T1059.001, T1562.001, T1562.001, T1562.001, T1112"
125,"T1071.001, T1566.002, T1059.001, T1620, T1071.001, T1059.003, T1018, T1059.001, T1057, T1018, T1071.001, T1566.002, T1547.004, T1113, T1005, T1106, T1074.001, T1134, T1059.003, T1562.009, T1112, T1059.001, T1562.001, T1562.001, T1562.001, T1112"
126,"T1071.001, T1566.002, T1059.001, T1620, T1071.001, T1059.001, T1135, T1057, T1018, T1057, T1071.001, T1204.002, T1059.003, T1053.005, T1113, T1106, T1074.001, T1548.002, T1071.001, T1059.003, T1112, T1112, T1112, T1112, T1562.001, T1112"
127,"T1071.001, T1566.002, T1204.002, T1071.001, T1059.001, T1135, T1057, T1018, T1057, T1071.001, T1566.002, T1547.001, T1005, T1113, T1106, T1074.001, T1204.002, T1548.002, T1071.001, T1059.003, T1112, T1112, T1112, T1112, T1562.001, T1112"
128,"T1071.001, T1566.002, T1204.002, T1071.001, T1059.001, T1135, T1057, T1018, T1059.003, T1071.001, T1204.002, T1547.001, T1005, T1113, T1548.002, T1071.001, T1059.003, T1112, T1112, T1112, T1112, T1562.001, T1112"
129,"T1071.001, T1566.002, T1204.002, T1071.001, T1059.001, T1135, T1057, T1018, T1057, T1071.001, T1204.002, T1204.002, T1204.002, T1204.002, T1204.002, T1204.002, T1547.004, T1059.003, T1548.002, T1071.001, T1059.003, T1112, T1112, T1112, T1112, T1112, T1112"
12_DustySkyCampaign,"T1071.001, T1566.002, T1204.002, T1071.001, T1049, T1083, T1059.003, T1087.002, T1059.001, T1057, T1071.001, T1204.002, T1547.001, T1113, T1106, T1074.001, T1005, T1071.001, T1548.002, T1071.001, T1059.003, T1490, T1059.001, T1562.001, T1112, T1562.009, T1112, T1112, T1562.001"
130,"T1071.001, T1566.002, T1204.002, T1071.001, T1059.001, T1135, T1057, T1018, T1057, T1071.001, T1566.002, T1547.001, T1005, T1113, T1106, T1074.001, T1071.001, T1134, T1059.003, T1112, T1112, T1112, T1112, T1562.001, T1112"
131,"T1071.001, T1566.002, T1059.001, T1620, T1071.001, T1059.003, T1087.002, T1059.001, T1135, T1071.001, T1566.002, T1547.004, T1113, T1005, T1106, T1560, T1112, T1071.001, T1134, T1059.003, T1112, T1112, T1059.001, T1562.001, T1112, T1112, T1562.009"
132,"T1071.001, T1566.002, T1204.002, T1071.001, T1059.001, T1135, T1083, T1069.002, T1040, T1071.001, T1204.002, T1547.004, T1005, T1113, T1071.001, T1134, T1059.003, T1112, T1059.001, T1562.001, T1112, T1562.001, T1112, T1562.001, T1112"
133,"T1071.001, T1566.002, T1204.002, T1071.001, T1059.001, T1059.003, T1069.001, T1083, T1082, T1135, T1057, T1071.001, T1566.002, T1547.004, T1106, T1074.001, T1113, T1005, T1204.002, T1543.003, T1548.002, T1071.001, T1059.003, T1490, T1059.001, T1071.001, T1059.001, T1562.001, T1562.009, T1562.001, T1112, T1112, T1112, T1112"
134,"T1071.001, T1204.002, T1071.001, T1059.003, T1069.001, T1059.001, T1135, T1087.001, T1083, T1053.005, T1005, T1113, T1106, T1560, T1134, T1059.003, T1112, T1562.009, T1490, T1059.001, T1562.001, T1562.001, T1112, T1562.001"
135,"T1071.001, T1566.002, T1204.002, T1071.001, T1057, T1083, T1059.003, T1018, T1071.001, T1204.002, T1053.005, T1059.001, T1005, T1113, T1106, T1074.001, T1548.002, T1071.001, T1059.001, T1562.001, T1059.003, T1112, T1112, T1562.001, T1112, T1562.001, T1112, T1112"
136,"T1071.001, T1566.002, T1204.002, T1071.001, T1057, T1087.001, T1059.001, T1082, T1134, T1071.001, T1059.001, T1204.002, T1547.004, T1106, T1074.001, T1005, T1113, T1562.001, T1059.003, T1112, T1112, T1112, T1562.009, T1112"
137,"T1071.001, T1566.002, T1059.001, T1620, T1071.001, T1059.003, T1087.002, T1059.001, T1057, T1071.001, T1204.002, T1547.004, T1106, T1074.001, T1005, T1548.002, T1071.001, T1059.003, T1562.001, T1112, T1112, T1562.009, T1112, T1112, T1112"
138,"T1071.001, T1566.002, T1204.002, T1071.001, T1049, T1018, T1083, T1071.001, T1204.002, T1059.001, T1547.004, T1113, T1106, T1074.001, T1005, T1134, T1059.003, T1112, T1562.009, T1490, T1112, T1059.001, T1562.001, T1562.001, T1112, T1562.001"
139,"T1071.001, T1566.002, T1059.001, T1620, T1071.001, T1040, T1083, T1018, T1134, T1071.001, T1204.002, T1059.001, T1547.001, T1005, T1113, T1562.001, T1562.001, T1059.003, T1562.001, T1112, T1562.009"
13_TrickLoadSpywareCampaign,"T1071.001, T1566.002, T1204.002, T1071.001, T1059.003, T1018, T1083, T1049, T1071.001, T1204.002, T1053.005, T1059.001, T1005, T1113, T1071.001, T1134, T1059.003, T1490, T1562.001, T1562.009, T1112, T1562.001"
140,"T1071.001, T1566.002, T1059.001, T1620, T1071.001, T1083, T1018, T1059.001, T1135, T1059.003, T1018, T1071.001, T1566.002, T1547.001, T1005, T1106, T1560, T1113, T1134, T1059.003, T1562.001, T1112, T1112, T1112, T1112, T1562.009, T1490"
141,"T1071.001, T1566.002, T1204.002, T1071.001, T1040, T1059.001, T1082, T1071.001, T1204.002, T1547.004, T1106, T1074.001, T1005, T1134, T1059.003, T1112, T1562.009, T1112, T1490, T1112, T1112, T1562.001, T1112"
142,"T1071.001, T1204.002, T1071.001, T1059.001, T1069.002, T1049, T1083, T1083, T1059.003, T1053.005, T1005, T1113, T1106, T1074.001, T1548.002, T1071.001, T1059.003, T1490, T1112, T1562.009, T1112, T1106, T1059.001, T1071.001, T1059.001, T1071.001, T1071.001, T1204.002, T1204.002, T1566.002, T1566.002, T1071.001, T1547.004, T1134, T1548.002, T1059.001, T1562.001, T1112"
143,"T1071.001, T1566.002, T1204.002, T1071.001, T1057, T1049, T1059.001, T1057, T1071.001, T1566.002, T1547.001, T1005, T1113, T1106, T1074.001, T1059.003, T1112, T1134, T1059.001, T1562.001, T1059.003, T1562.009, T1112, T1112, T1490"
144,"T1071.001, T1566.002, T1204.002, T1071.001, T1083, T1059.001, T1082, T1057, T1057, T1113, T1005, T1106, T1074.001, T1059.003, T1112, T1134, T1059.001, T1562.001, T1059.003, T1112, T1490, T1112, T1562.001, T1562.001"
145,"T1071.001, T1566.002, T1059.001, T1620, T1071.001, T1083, T1059.001, T1071.001, T1566.002, T1547.001, T1113, T1005, T1106, T1074.001, T1059.003, T1112, T1134, T1059.003, T1562.001, T1112, T1059.001, T1562.001, T1112, T1112, T1562.009"
146,"T1071.001, T1204.002, T1071.001, T1083, T1083, T1059.001, T1082, T1059.003, T1053.005, T1005, T1113, T1106, T1074.001, T1134, T1059.003, T1112, T1112, T1490, T1562.001, T1112, T1562.001"
147,"T1071.001, T1566.002, T1204.002, T1071.001, T1083, T1059.003, T1087.002, T1071.001, T1105, T1547.001, T1059.001, T1106, T1074.001, T1005, T1113, T1134, T1059.001, T1562.001, T1112, T1059.003, T1562.009, T1562.001, T1562.001, T1112, T1490"
148,"T1071.001, T1566.002, T1059.001, T1620, T1071.001, T1059.003, T1018, T1049, T1059.001, T1057, T1018, T1057, T1087.002, T1071.001, T1105, T1547.001, T1106, T1560, T1113, T1005, T1134, T1059.001, T1562.001, T1059.003, T1112, T1112, T1112, T1112, T1562.009, T1490, T1112"
149,"T1071.001, T1566.002, T1059.001, T1620, T1071.001, T1049, T1059.001, T1082, T1057, T1040, T1083, T1071.001, T1566.002, T1547.001, T1005, T1106, T1074.001, T1113, T1071.001, T1134, T1059.003, T1562.009, T1112, T1490, T1562.001, T1112, T1112"
14_HawkEyeCampaign,"T1071.001, T1566.002, T1059.001, T1620, T1071.001, T1057, T1018, T1134, T1059.001, T1071.001, T1566.002, T1547.001, T1113, T1005, T1106, T1560, T1059.003, T1562.009, T1562.001, T1112, T1112, T1112, T1112"
150,"T1071.001, T1566.002, T1059.001, T1620, T1071.001, T1018, T1059.001, T1082, T1071.001, T1566.002, T1547.001, T1106, T1074.001, T1113, T1071.001, T1134, T1059.003, T1112, T1059.001, T1562.001, T1112, T1112, T1562.009, T1490, T1112, T1112"
151,"T1071.001, T1566.002, T1204.002, T1071.001, T1059.003, T1069.001, T1071.001, T1204.002, T1053.005, T1059.001, T1106, T1560, T1005, T1071.001, T1134, T1059.003, T1112, T1112, T1112, T1562.009"
152,"T1071.001, T1566.002, T1204.002, T1071.001, T1059.003, T1069.001, T1059.001, T1005, T1134, T1059.003, T1112"
153,"T1071.001, T1566.002, T1059.001, T1620, T1071.001, T1059.001, T1082, T1071.001, T1566.002, T1547.001, T1134, T1059.003, T1112, T1112"
154,"T1071.001, T1566.002, T1059.001, T1620, T1071.001, T1134, T1059.003, T1112, T1112"
155,"T1071.001, T1566.002, T1059.001, T1620, T1071.001, T1059.001, T1057, T1069.002, T1059.003, T1071.001, T1204.002, T1547.001, T1106, T1074.001, T1134, T1059.003, T1112"
156,"T1071.001, T1566.002, T1204.002, T1071.001, T1059.001, T1135, T1059.003, T1018, T1083, T1087.001, T1071.001, T1566.002, T1547.001, T1005, T1113, T1106, T1560, T1134, T1059.003, T1112, T1112, T1059.001, T1562.001, T1562.001, T1112, T1490"
157,"T1071.001, T1566.002, T1204.002, T1071.001, T1059.001, T1082, T1083, T1071.001, T1566.002, T1547.004, T1005, T1113, T1106, T1074.001, T1071.001, T1134, T1059.003, T1112, T1112, T1562.001, T1562.001, T1112, T1490"
158,"T1071.001, T1566.002, T1059.001, T1620, T1071.001, T1059.003, T1018, T1083, T1087.002, T1071.001, T1105, T1547.001, T1059.001, T1005, T1113, T1106, T1074.001, T1204.002, T1548.002, T1113, T1071.001, T1059.003, T1562.009, T1112, T1059.001, T1071.001, T1059.001, T1562.001, T1112, T1112, T1112, T1112, T1562.001, T1562.001, T1112"
159,"T1071.001, T1566.002, T1204.002, T1071.001, T1059.003, T1018, T1083, T1087.001, T1071.001, T1204.002, T1059.001, T1547.004, T1005, T1113, T1106, T1074.001, T1071.001, T1134, T1059.003, T1112, T1112, T1562.001, T1562.001, T1112, T1490"
15_EmotetCampaign,"T1071.001, T1566.002, T1059.001, T1620, T1071.001, T1049, T1057, T1059.003, T1018, T1059.001, T1057, T1071.001, T1071.001, T1204.002, T1547.001, T1005, T1113, T1106, T1074.001, T1071.001, T1134, T1059.003, T1112, T1112, T1562.001, T1112, T1112, T1562.001, T1490, T1562.009, T1112"
160,"T1071.001, T1566.002, T1059.001, T1620, T1071.001, T1059.001, T1135, T1083, T1071.001, T1059.003, T1087.002, T1071.001, T1204.002, T1547.001, T1005, T1113, T1106, T1074.001, T1113, T1105, T1548.002, T1071.001, T1071.001, T1059.003, T1112, T1112, T1562.001, T1112, T1490"
161,"T1071.001, T1204.002, T1071.001, T1083, T1059.001, T1082, T1083, T1547.004, T1005, T1106, T1074.001, T1113, T1548.002, T1071.001, T1059.003, T1112, T1562.001, T1566.002, T1071.001, T1204.002, T1059.001, T1562.001, T1112, T1112, T1112, T1562.009"
162,"T1071.001, T1566.002, T1059.001, T1620, T1071.001, T1059.001, T1082, T1057, T1083, T1134, T1071.001, T1105, T1059.001, T1547.001, T1005, T1106, T1074.001, T1113, T1059.003, T1112, T1562.001, T1562.001, T1112, T1112, T1112, T1112, T1562.009"
163,"T1071.001, T1566.002, T1059.001, T1620, T1071.001, T1059.001, T1082, T1057, T1083, T1071.001, T1566.002, T1547.001, T1005, T1106, T1074.001, T1113, T1134, T1059.003, T1112, T1059.001, T1562.001, T1562.001, T1112, T1112, T1112, T1112, T1562.009"
164,"T1071.001, T1566.002, T1059.001, T1620, T1071.001, T1059.001, T1082, T1057, T1083, T1071.001, T1566.002, T1547.004, T1005, T1106, T1074.001, T1113, T1548.002, T1204.002, T1071.001, T1059.003, T1059.003, T1112, T1059.001, T1562.001, T1562.001, T1112, T1112, T1112, T1112"
165,"T1071.001, T1204.002, T1071.001, T1059.001, T1082, T1057, T1083, T1547.004, T1005, T1106, T1074.001, T1113, T1134, T1059.003, T1112, T1562.001, T1059.001, T1562.001, T1112, T1112, T1112, T1112, T1562.009"
166,"T1071.001, T1204.002, T1071.001, T1059.003, T1087.002, T1059.001, T1057, T1053.005, T1106, T1074.001, T1113, T1134, T1059.003, T1562.009, T1112, T1562.001, T1059.001, T1562.001, T1112, T1112"
167,"T1071.001, T1566.002, T1059.001, T1620, T1071.001, T1087.001, T1059.001, T1057, T1071.001, T1566.002, T1547.004, T1106, T1074.001, T1113, T1005, T1134, T1059.003, T1562.009, T1562.001, T1059.001, T1562.001, T1112, T1112"
168,"T1071.001, T1204.002, T1071.001, T1087.001, T1059.001, T1057, T1059.003, T1053.005, T1106, T1074.001, T1113, T1005, T1134, T1059.003, T1562.009, T1562.001, T1059.001, T1562.001, T1562.001, T1112, T1112"
169,"T1071.001, T1566.002, T1059.001, T1620, T1071.001, T1059.003, T1087.002, T1059.001, T1057, T1134, T1071.001, T1204.002, T1059.001, T1547.001, T1106, T1074.001, T1113, T1005, T1059.003, T1562.009, T1112, T1562.001, T1562.001, T1112, T1112"
16_UroburosCampaign,"T1071.001, T1566.002, T1204.002, T1071.001, T1083, T1057, T1071.001, T1566.002, T1059.001, T1547.004, T1005, T1106, T1074.001, T1071.001, T1134, T1059.003, T1562.001, T1112, T1562.009, T1112, T1112, T1112, T1112, T1490"
170,"T1071.001, T1566.002, T1204.002, T1071.001, T1087.001, T1059.001, T1082, T1071.001, T1204.002, T1547.001, T1106, T1560, T1113, T1005, T1548.002, T1071.001, T1059.003, T1562.009, T1562.001, T1059.001, T1562.001, T1562.001, T1112, T1112"
171,"T1071.001, T1566.002, T1204.002, T1071.001, T1059.003, T1069.001, T1059.001, T1082, T1071.001, T1566.002, T1547.001, T1106, T1074.001, T1113, T1005, T1071.001, T1134, T1059.003, T1562.001, T1562.009, T1112, T1112, T1562.001, T1112, T1112"
172,"T1071.001, T1566.002, T1204.002, T1071.001, T1059.003, T1069.002, T1083, T1059.001, T1082, T1071.001, T1566.002, T1547.001, T1106, T1074.001, T1113, T1005, T1134, T1059.001, T1562.001, T1059.003, T1562.009, T1112, T1112, T1562.001, T1112, T1112"
173,"T1071.001, T1566.002, T1204.002, T1071.001, T1059.003, T1069.001, T1083, T1059.001, T1082, T1071.001, T1566.002, T1547.001, T1106, T1074.001, T1113, T1005, T1134, T1059.001, T1562.001, T1059.003, T1562.009, T1112, T1112, T1562.001, T1112, T1112"
174,"T1071.001, T1566.002, T1204.002, T1071.001, T1059.001, T1069.002, T1083, T1082, T1071.001, T1566.002, T1547.001, T1106, T1074.001, T1113, T1005, T1134, T1059.001, T1562.001, T1059.003, T1562.009, T1112, T1112, T1562.001, T1112, T1112"
175,"T1071.001, T1566.002, T1059.001, T1620, T1071.001, T1059.001, T1059.003, T1069.001, T1083, T1082, T1071.001, T1566.002, T1547.004, T1106, T1074.001, T1113, T1005, T1548.002, T1204.002, T1071.001, T1059.003, T1562.001, T1562.009, T1112, T1112, T1562.001, T1112"
176,"T1071.001, T1204.002, T1071.001, T1083, T1059.001, T1069.002, T1059.003, T1053.005, T1113, T1005, T1106, T1074.001, T1071.001, T1134, T1059.003, T1562.009, T1562.001, T1112, T1112, T1112, T1562.001, T1566.002, T1059.001, T1059.003, T1059.001, T1113, T1204.002, T1071.001, T1204.002, T1204.002, T1203, T1134, T1059.001, T1562.001, T1112"
177,"T1071.001, T1566.002, T1059.001, T1620, T1071.001, T1083, T1059.003, T1069.001, T1071.001, T1071.001, T1204.002, T1204.002, T1547.001, T1059.001, T1005, T1113, T1106, T1560, T1071.001, T1134, T1059.003, T1562.009, T1112, T1112, T1112, T1562.001, T1059.001, T1562.001, T1112"
178,"T1071.001, T1566.002, T1204.002, T1071.001, T1057, T1083, T1059.001, T1057, T1071.001, T1566.002, T1547.001, T1113, T1005, T1134, T1059.003, T1562.009, T1059.001, T1562.001, T1112, T1112, T1112, T1562.001, T1562.001, T1112"
179,"T1071.001, T1566.002, T1059.001, T1620, T1071.001, T1083, T1059.001, T1069.002, T1071.001, T1566.002, T1547.001, T1005, T1113, T1106, T1074.001, T1134, T1059.001, T1562.001, T1059.003, T1112, T1112, T1562.001, T1562.001, T1112"
17_APT41Campaign,"T1071.001, T1566.002, T1059.001, T1620, T1071.001, T1083, T1087.001, T1049, T1057, T1059.001, T1071.001, T1566.002, T1547.001, T1113, T1005, T1106, T1074.001, T1071.001, T1134, T1059.003, T1562.001, T1112, T1562.009, T1112, T1112, T1112, T1112, T1490"
180,"T1071.001, T1566.002, T1059.001, T1620, T1071.001, T1083, T1059.001, T1069.002, T1071.001, T1566.002, T1547.001, T1113, T1005, T1106, T1074.001, T1134, T1059.003, T1562.009, T1562.001, T1112, T1112, T1112, T1562.001, T1059.001, T1562.001, T1112"
181,"T1071.001, T1566.002, T1059.001, T1620, T1071.001, T1059.001, T1057, T1083, T1071.001, T1204.002, T1059.003, T1547.001, T1106, T1560, T1113, T1005, T1071.001, T1134, T1059.003, T1112, T1112, T1490, T1112, T1106, T1071.001, T1059.003, T1059.001, T1059.001, T1548.002, T1566.002, T1204.002, T1071.001, T1204.002, T1071.001, T1203, T1203, T1059.001, T1562.001, T1112, T1112"
182,"T1071.001, T1566.002, T1059.001, T1620, T1071.001, T1087.001, T1057, T1071.001, T1071.001, T1134, T1059.003, T1566.002, T1547.001, T1113, T1059.001, T1106, T1074.001, T1005, T1112, T1112, T1490, T1112, T1562.009, T1562.001, T1112, T1071.001, T1071.001, T1059.003, T1566.002, T1204.002, T1204.002, T1071.001, T1566.002, T1059.001, T1562.001, T1562.001"
183,"T1071.001, T1566.002, T1204.002, T1071.001, T1059.001, T1069.002, T1087.001, T1057, T1071.001, T1204.002, T1204.002, T1547.001, T1106, T1074.001, T1005, T1113, T1134, T1059.003, T1490, T1112, T1112, T1562.009, T1112, T1112, T1112"
184,"T1071.001, T1566.002, T1204.002, T1071.001, T1059.003, T1018, T1049, T1018, T1087.001, T1071.001, T1204.002, T1547.001, T1059.001, T1113, T1005, T1134, T1059.003, T1112, T1112, T1059.001, T1562.001, T1112, T1112, T1562.001, T1112, T1562.009"
185,"T1071.001, T1566.002, T1204.002, T1071.001, T1049, T1083, T1059.003, T1071.001, T1204.002, T1547.001, T1059.001, T1005, T1113, T1106, T1074.001, T1134, T1059.003, T1490, T1112, T1059.001, T1562.001, T1112, T1112, T1562.009, T1112, T1562.001"
186,"T1071.001, T1204.002, T1071.001, T1018, T1057, T1083, T1134, T1059.001, T1547.004, T1005, T1106, T1074.001, T1113, T1059.003, T1112, T1562.001, T1562.009, T1562.001, T1112, T1490, T1112"
187,"T1071.001, T1566.002, T1204.002, T1071.001, T1018, T1057, T1083, T1071.001, T1566.002, T1059.001, T1547.001, T1005, T1106, T1560, T1113, T1059.003, T1112, T1134, T1059.001, T1562.001, T1059.003, T1562.009, T1562.001, T1112, T1490, T1112"
188,"T1071.001, T1566.002, T1204.002, T1071.001, T1087.001, T1018, T1083, T1057, T1059.001, T1071.001, T1204.002, T1547.001, T1005, T1106, T1074.001, T1548.002, T1071.001, T1059.001, T1562.001, T1071.001, T1059.003, T1106, T1204.002, T1071.001, T1204.002, T1113, T1071.001, T1071.001, T1204.002, T1059.003, T1053.005, T1071.001, T1059.003, T1562.001, T1562.001, T1112, T1490"
189,"T1071.001, T1566.002, T1059.001, T1620, T1071.001, T1087.001, T1018, T1057, T1083, T1071.001, T1059.003, T1566.002, T1547.001, T1059.001, T1005, T1106, T1074.001, T1113, T1112, T1134, T1059.001, T1562.001, T1059.003, T1562.009, T1562.001, T1112, T1490, T1112"
18_EspionageCampaign,"T1071.001, T1566.002, T1204.002, T1071.001, T1083, T1087.001, T1049, T1134, T1071.001, T1566.002, T1059.001, T1547.001, T1113, T1005, T1106, T1074.001, T1562.001, T1059.003, T1112, T1562.009, T1112, T1112, T1112, T1112, T1490"
190,"T1071.001, T1566.002, T1059.001, T1620, T1071.001, T1087.001, T1018, T1057, T1083, T1071.001, T1566.002, T1059.003, T1053.005, T1059.001, T1005, T1106, T1074.001, T1113, T1112, T1134, T1059.001, T1562.001, T1059.003, T1562.009, T1562.001, T1112, T1490, T1112"
191,"T1071.001, T1566.002, T1059.001, T1620, T1071.001, T1049, T1018, T1071.001, T1204.002, T1059.003, T1053.005, T1113, T1059.001, T1005, T1106, T1074.001, T1134, T1059.003, T1490, T1112, T1059.001, T1562.001, T1112, T1562.001, T1112, T1562.009"
192,"T1071.001, T1566.002, T1204.002, T1071.001, T1049, T1018, T1059.001, T1059.003, T1069.002, T1071.001, T1204.002, T1547.001, T1113, T1005, T1106, T1074.001, T1071.001, T1134, T1059.003, T1490, T1112, T1548.002, T1059.003, T1059.001, T1059.001, T1204.002, T1074.001, T1071.001, T1074.001, T1566.002, T1071.001, T1059.001, T1562.001, T1112, T1562.001, T1112, T1562.009"
193,"T1071.001, T1566.002, T1204.002, T1071.001, T1049, T1018, T1059.003, T1069.001, T1071.001, T1204.002, T1059.001, T1547.001, T1113, T1005, T1106, T1074.001, T1134, T1059.003, T1490, T1112, T1059.001, T1562.001, T1112, T1562.001, T1112, T1562.009"
194,"T1071.001, T1566.002, T1059.001, T1620, T1071.001, T1049, T1018, T1071.001, T1204.002, T1059.001, T1547.001, T1113, T1005, T1106, T1074.001, T1548.002, T1071.001, T1059.003, T1490, T1562.001, T1112, T1059.001, T1071.001, T1204.002, T1204.002, T1113, T1059.001, T1562.001, T1562.001, T1112, T1562.009"
195,"T1071.001, T1566.002, T1059.001, T1620, T1071.001, T1049, T1018, T1071.001, T1071.001, T1059.003, T1204.002, T1053.005, T1113, T1059.001, T1005, T1106, T1074.001, T1134, T1059.003, T1490, T1112, T1059.001, T1562.001, T1112, T1562.001, T1112, T1562.009"
196,"T1071.001, T1566.002, T1204.002, T1071.001, T1059.001, T1057, T1071.001, T1566.002, T1547.001, T1113, T1106, T1074.001, T1005, T1071.001, T1134, T1059.003, T1562.009, T1112, T1112, T1112, T1059.001, T1562.001, T1562.001, T1112, T1562.001"
197,"T1071.001, T1566.002, T1204.002, T1071.001, T1059.001, T1057, T1071.001, T1566.002, T1547.001, T1113, T1106, T1560, T1005, T1134, T1059.003, T1562.009, T1112, T1112, T1112, T1562.001, T1562.001, T1112, T1059.001, T1562.001"
198,"T1071.001, T1566.002, T1204.002, T1071.001, T1040, T1059.001, T1057, T1071.001, T1134, T1204.002, T1059.001, T1547.001, T1113, T1106, T1074.001, T1005, T1059.003, T1112, T1112, T1112, T1112, T1112, T1112, T1562.001, T1562.001"
199,"T1071.001, T1566.002, T1204.002, T1071.001, T1040, T1059.001, T1057, T1071.001, T1204.002, T1547.004, T1113, T1106, T1560, T1071.001, T1548.002, T1071.001, T1059.003, T1112, T1112, T1112, T1112, T1112, T1562.001, T1059.001, T1562.001"
19_SSHBinFmt-Elevate,"T1071.001, T1204.002, T1071.001, T1083, T1087.001, T1049, T1057, T1134, T1059.001, T1547.001, T1113, T1005, T1106, T1074.001, T1562.001, T1059.003, T1112, T1562.009, T1112, T1112, T1112, T1112, T1490"
1_AA23-341A,"T1071.001, T1566.002, T1059.001, T1620, T1071.001, T1018, T1087.001, T1040, T1049, T1071.001, T1566.002, T1059.001, T1547.004, T1113, T1005, T1106, T1074.001, T1134, T1059.001, T1562.001, T1059.003, T1112, T1112, T1112, T1490, T1112, T1562.009"
200,"T1071.001, T1204.002, T1071.001, T1040, T1059.001, T1057, T1547.004, T1113, T1106, T1074.001, T1134, T1059.003, T1562.009, T1112, T1112, T1562.001, T1562.001, T1112, T1059.001, T1562.001"
201,"T1071.001, T1566.002, T1204.002, T1071.001, T1059.001, T1082, T1071.001, T1204.002, T1059.003, T1547.001, T1106, T1074.001, T1005, T1071.001, T1134, T1059.003, T1112, T1059.001, T1562.001, T1562.001, T1112, T1112, T1112, T1112"
202,"T1071.001, T1566.002, T1059.001, T1620, T1071.001, T1057, T1087.001, T1059.001, T1135, T1083, T1071.001, T1566.002, T1547.004, T1106, T1074.001, T1113, T1005, T1071.001, T1134, T1059.003, T1112, T1562.001, T1059.001, T1562.001, T1112, T1112, T1112, T1112"
203,"T1071.001, T1566.002, T1204.002, T1071.001, T1057, T1087.001, T1059.001, T1135, T1083, T1071.001, T1566.002, T1547.001, T1106, T1074.001, T1113, T1005, T1548.002, T1204.002, T1071.001, T1059.003, T1112, T1059.001, T1562.001, T1562.001, T1112, T1112, T1112, T1112"
204,"T1071.001, T1566.002, T1059.001, T1620, T1071.001, T1059.003, T1087.002, T1059.001, T1135, T1083, T1071.001, T1566.002, T1547.001, T1106, T1560, T1113, T1005, T1134, T1059.003, T1112, T1059.001, T1562.001, T1562.001, T1112, T1112, T1112, T1112"
205,"T1071.001, T1566.002, T1059.001, T1620, T1071.001, T1057, T1087.001, T1059.001, T1135, T1083, T1071.001, T1566.002, T1059.003, T1547.001, T1106, T1074.001, T1113, T1005, T1134, T1059.003, T1112, T1059.001, T1562.001, T1562.001, T1112, T1112, T1112, T1112"
206,"T1071.001, T1566.002, T1059.001, T1620, T1071.001, T1040, T1059.001, T1057, T1069.002, T1071.001, T1566.002, T1547.001, T1106, T1074.001, T1113, T1005, T1134, T1059.003, T1112, T1490, T1112, T1112, T1562.001, T1562.001, T1112"
207,"T1071.001, T1566.002, T1204.002, T1071.001, T1059.001, T1082, T1057, T1069.002, T1071.001, T1204.002, T1547.001, T1106, T1560, T1113, T1005, T1134, T1059.003, T1112, T1490, T1112, T1112, T1562.001, T1059.001, T1562.001, T1112"
208,"T1071.001, T1566.002, T1059.001, T1620, T1071.001, T1083, T1083, T1059.001, T1057, T1071.001, T1566.002, T1547.001, T1106, T1560, T1113, T1005, T1134, T1059.003, T1112, T1490, T1112, T1112, T1562.001, T1562.001, T1112"
209,"T1071.001, T1566.002, T1059.001, T1620, T1071.001, T1040, T1059.001, T1057, T1059.003, T1069.002, T1071.001, T1059.001, T1059.001, T1204.002, T1547.004, T1106, T1074.001, T1113, T1005, T1134, T1059.003, T1112, T1490, T1112, T1112, T1562.001, T1059.001, T1562.001, T1112"
20_Crambus,"T1071.001, T1566.002, T1059.001, T1620, T1071.001, T1083, T1049, T1040, T1059.001, T1071.001, T1566.002, T1547.001, T1113, T1005, T1106, T1074.001, T1134, T1059.001, T1562.001, T1059.003, T1112, T1562.009, T1112, T1112, T1112, T1112, T1490"
210,"T1071.001, T1566.002, T1059.001, T1620, T1071.001, T1040, T1059.001, T1057, T1113, T1071.001, T1059.003, T1069.002, T1071.001, T1566.002, T1547.001, T1106, T1074.001, T1113, T1005, T1071.001, T1134, T1059.003, T1112, T1490, T1112, T1112, T1562.001, T1562.001, T1112"
211,"T1071.001, T1566.002, T1204.002, T1071.001, T1059.001, T1082, T1083, T1134, T1059.003, T1547.001, T1005, T1113, T1106, T1074.001, T1490, T1112, T1562.001, T1112, T1112, T1112, T1112, T1112"
212,"T1071.001, T1566.002, T1204.002, T1071.001, T1083, T1071.001, T1059.003, T1566.002, T1547.001, T1059.001, T1005, T1113, T1106, T1560, T1134, T1059.001, T1562.001, T1059.003, T1562.001, T1112, T1562.001, T1112, T1562.009"
213,"T1071.001, T1566.002, T1059.001, T1620, T1071.001, T1059.001, T1082, T1083, T1071.001, T1566.002, T1547.004, T1005, T1113, T1106, T1560, T1134, T1059.001, T1562.001, T1059.003, T1490, T1112, T1562.001, T1112, T1112, T1112"
214,"T1071.001, T1566.002, T1059.001, T1620, T1071.001, T1083, T1018, T1134, T1071.001, T1566.002, T1059.001, T1547.001, T1005, T1113, T1106, T1074.001, T1562.001, T1059.003, T1490, T1112, T1562.001, T1112, T1112, T1112, T1112"
215,"T1071.001, T1566.002, T1204.002, T1071.001, T1083, T1134, T1071.001, T1566.002, T1059.001, T1547.004, T1005, T1113, T1106, T1074.001, T1562.001, T1059.003, T1490, T1112, T1562.001, T1112, T1112, T1112"
216,"T1071.001, T1566.002, T1204.002, T1071.001, T1057, T1059.001, T1082, T1059.003, T1018, T1071.001, T1566.002, T1053.005, T1005, T1106, T1074.001, T1113, T1548.002, T1204.002, T1071.001, T1059.003, T1112, T1490, T1112, T1112, T1562.009, T1112, T1562.001"
217,"T1071.001, T1566.002, T1059.001, T1620, T1071.001, T1040, T1018, T1057, T1059.003, T1018, T1049, T1071.001, T1566.002, T1547.001, T1059.001, T1005, T1106, T1074.001, T1113, T1071.001, T1134, T1059.003, T1112, T1112, T1562.001, T1562.009, T1059.001, T1562.001, T1562.001"
218,"T1071.001, T1566.002, T1204.002, T1071.001, T1057, T1059.001, T1082, T1059.003, T1018, T1071.001, T1566.002, T1547.001, T1005, T1106, T1074.001, T1113, T1134, T1059.003, T1112, T1490, T1112, T1112, T1562.001, T1562.009, T1112, T1562.001"
219,"T1071.001, T1566.002, T1204.002, T1071.001, T1057, T1059.001, T1082, T1059.003, T1018, T1134, T1059.001, T1071.001, T1204.002, T1547.001, T1005, T1106, T1074.001, T1059.003, T1112, T1490, T1112, T1112, T1562.001, T1562.009, T1112, T1562.001"
21_IcedID,"T1071.001, T1566.002, T1204.002, T1071.001, T1059.001, T1135, T1057, T1083, T1134, T1071.001, T1566.002, T1059.001, T1547.001, T1106, T1074.001, T1113, T1005, T1059.003, T1112, T1112, T1562.009, T1112, T1112, T1562.001, T1490, T1562.001"
220,"T1071.001, T1566.002, T1204.002, T1071.001, T1059.001, T1082, T1057, T1071.001, T1566.002, T1547.004, T1005, T1106, T1560, T1113, T1134, T1059.003, T1112, T1490, T1112, T1112, T1059.001, T1562.001, T1562.009, T1112, T1562.001"
221,"T1071.001, T1566.002, T1204.002, T1071.001, T1049, T1057, T1071.001, T1204.002, T1059.003, T1053.005, T1059.001, T1113, T1106, T1074.001, T1005, T1071.001, T1134, T1059.003, T1112, T1112, T1562.001, T1112, T1059.003, T1059.001, T1059.001, T1562.001, T1562.001"
222,"T1071.001, T1566.002, T1059.001, T1620, T1071.001, T1049, T1057, T1071.001, T1204.002, T1113, T1071.001, T1059.001, T1204.002, T1071.001, T1204.002, T1547.004, T1113, T1106, T1074.001, T1071.001, T1134, T1059.003, T1112, T1112, T1490, T1562.001, T1112, T1203, T1059.001, T1204.002, T1566.002, T1203, T1071.001, T1059.001, T1562.001, T1562.001"
223,"T1071.001, T1566.002, T1059.001, T1620, T1071.001, T1059.003, T1018, T1018, T1071.001, T1204.002, T1547.001, T1113, T1059.001, T1106, T1560, T1548.002, T1071.001, T1059.003, T1112, T1112, T1490, T1562.001, T1112, T1059.001, T1059.001, T1562.001, T1562.001"
224,"T1071.001, T1566.002, T1204.002, T1071.001, T1049, T1057, T1071.001, T1204.002, T1059.003, T1547.001, T1113, T1059.001, T1106, T1074.001, T1005, T1134, T1059.003, T1112, T1112, T1490, T1562.001, T1112, T1059.001, T1562.001, T1562.001"
225,"T1071.001, T1566.002, T1059.001, T1620, T1071.001, T1059.001, T1082, T1071.001, T1204.002, T1547.004, T1113, T1106, T1074.001, T1005, T1059.001, T1071.001, T1548.002, T1071.001, T1059.003, T1112, T1112, T1490, T1562.001, T1112, T1059.001, T1562.001, T1562.001"
226,"T1071.001, T1204.002, T1071.001, T1057, T1059.001, T1135, T1082, T1040, T1547.004, T1106, T1074.001, T1113, T1005, T1071.001, T1134, T1059.003, T1112, T1562.009, T1112, T1112, T1059.003, T1059.001, T1562.001, T1490, T1112"
227,"T1071.001, T1204.002, T1071.001, T1059.003, T1069.001, T1083, T1057, T1059.001, T1135, T1124, T1040, T1053.005, T1106, T1074.001, T1113, T1005, T1548.002, T1071.001, T1059.003, T1562.001, T1562.009, T1562.001, T1112, T1059.001, T1562.001, T1490"
228,"T1071.001, T1204.002, T1071.001, T1059.003, T1069.001, T1083, T1057, T1059.001, T1135, T1082, T1040, T1547.001, T1106, T1074.001, T1113, T1005, T1134, T1059.003, T1112, T1562.009, T1112, T1112, T1059.001, T1562.001, T1490, T1112"
229,"T1071.001, T1566.002, T1059.001, T1620, T1071.001, T1059.003, T1069.001, T1057, T1059.001, T1082, T1106, T1074.001, T1113, T1005, T1134, T1059.003, T1112, T1562.009, T1112, T1059.001, T1562.001, T1490, T1112"
22_Clasiopa,"T1071.001, T1204.002, T1071.001, T1059.003, T1087.002, T1059.001, T1057, T1083, T1053.005, T1106, T1074.001, T1113, T1005, T1548.002, T1071.001, T1059.003, T1112, T1562.009, T1059.001, T1562.001, T1562.001, T1490, T1562.001"
230,"T1071.001, T1566.002, T1059.001, T1620, T1071.001, T1059.003, T1069.001, T1059.001, T1082, T1071.001, T1105, T1547.001, T1106, T1074.001, T1113, T1005, T1134, T1059.003, T1112, T1562.009, T1112, T1112, T1059.001, T1562.001, T1490, T1112"
231,"T1071.001, T1566.002, T1059.001, T1620, T1071.001, T1057, T1059.001, T1082, T1057, T1071.001, T1566.002, T1547.001, T1113, T1005, T1106, T1560, T1059.003, T1112, T1134, T1059.003, T1112, T1562.001, T1562.009, T1112, T1112, T1059.001, T1562.001, T1562.001"
232,"T1071.001, T1566.002, T1059.001, T1620, T1071.001, T1059.003, T1018, T1059.001, T1135, T1082, T1057, T1071.001, T1204.002, T1547.001, T1106, T1074.001, T1113, T1005, T1204.002, T1548.002, T1071.001, T1059.003, T1112, T1112, T1059.001, T1562.001, T1112, T1112, T1562.001, T1490"
233,"T1071.001, T1566.002, T1204.002, T1071.001, T1083, T1059.003, T1069.001, T1059.001, T1082, T1071.001, T1566.002, T1547.001, T1113, T1106, T1074.001, T1005, T1071.001, T1134, T1059.003, T1112, T1112, T1112, T1112, T1490, T1112, T1112, T1059.001, T1059.003, T1059.001, T1562.001"
234,"T1071.001, T1566.002, T1059.001, T1620, T1071.001, T1059.003, T1018, T1059.001, T1082, T1071.001, T1204.002, T1547.004, T1005, T1106, T1074.001, T1113, T1134, T1059.003, T1112, T1059.001, T1562.001, T1112, T1562.001, T1112, T1562.009, T1490"
235,"T1071.001, T1566.002, T1204.002, T1071.001, T1059.003, T1087.002, T1083, T1040, T1071.001, T1566.002, T1547.001, T1113, T1059.001, T1106, T1074.001, T1134, T1059.003, T1562.009, T1112, T1112, T1059.001, T1562.001, T1490, T1112, T1112, T1112"
236,"T1071.001, T1566.002, T1204.002, T1071.001, T1083, T1059.003, T1018, T1071.001, T1204.002, T1053.005, T1059.001, T1005, T1113, T1106, T1560, T1059.001, T1566.002, T1059.001, T1059.001, T1071.001, T1134, T1059.001, T1106, T1113, T1071.001, T1566.002, T1071.001, T1548.002, T1071.001, T1071.001, T1059.001, T1562.001, T1112"
237,"T1071.001, T1566.002, T1204.002, T1071.001, T1083, T1071.001, T1204.002, T1059.001, T1547.001, T1005, T1113, T1106, T1074.001, T1071.001, T1134, T1059.003, T1562.009, T1562.001, T1059.001, T1059.001, T1204.002, T1071.001, T1204.002, T1071.001, T1566.002, T1106, T1059.001, T1562.001, T1490, T1112, T1112, T1112, T1112, T1112"
238,"T1071.001, T1566.002, T1204.002, T1071.001, T1083, T1071.001, T1059.003, T1566.002, T1547.001, T1059.001, T1106, T1074.001, T1113, T1134, T1059.001, T1562.001, T1059.003, T1112, T1112, T1562.009, T1562.001, T1112"
239,"T1071.001, T1566.002, T1204.002, T1071.001, T1113, T1059.001, T1106, T1074.001, T1134, T1059.003, T1112, T1112, T1562.009, T1112, T1112, T1490, T1112, T1112"
23_C0001,"T1071.001, T1566.002, T1204.002, T1071.001, T1087.001, T1059.001, T1124, T1057, T1057, T1071.001, T1566.002, T1547.001, T1106, T1560, T1113, T1005, T1134, T1059.003, T1112, T1112, T1562.009, T1112, T1112, T1562.001, T1490, T1059.001, T1562.001"
240,"T1071.001, T1566.002, T1204.002, T1071.001, T1566.002, T1071.001, T1059.003, T1071.001, T1566.002, T1547.001, T1059.001, T1106, T1074.001, T1113, T1005, T1134, T1059.003, T1562.009, T1112, T1112, T1112, T1112, T1112"
241,"T1071.001, T1566.002, T1059.001, T1620, T1071.001, T1040, T1087.001, T1059.001, T1082, T1071.001, T1566.002, T1547.004, T1005, T1106, T1074.001, T1113, T1059.003, T1112, T1134, T1059.003, T1490, T1562.009, T1059.001, T1562.001, T1562.001, T1112, T1562.001"
242,"T1071.001, T1566.002, T1059.001, T1620, T1071.001, T1083, T1057, T1071.001, T1566.002, T1059.003, T1547.001, T1059.001, T1005, T1106, T1074.001, T1113, T1134, T1059.003, T1112, T1490, T1562.009, T1059.001, T1562.001, T1112, T1112, T1112"
243,"T1071.001, T1566.002, T1204.002, T1071.001, T1083, T1083, T1071.001, T1566.002, T1059.001, T1547.004, T1005, T1106, T1074.001, T1113, T1134, T1059.003, T1562.001, T1112, T1562.009, T1059.001, T1562.001, T1112, T1112, T1112, T1490"
244,"T1071.001, T1566.002, T1059.001, T1620, T1071.001, T1059.003, T1018, T1069.001, T1059.001, T1057, T1071.001, T1204.002, T1547.001, T1113, T1005, T1106, T1074.001, T1059.003, T1548.002, T1071.001, T1059.003, T1562.009, T1562.001, T1112, T1562.001, T1112"
245,"T1071.001, T1566.002, T1059.001, T1620, T1071.001, T1059.001, T1057, T1059.003, T1018, T1069.002, T1071.001, T1204.002, T1053.005, T1113, T1106, T1074.001, T1548.002, T1071.001, T1059.003, T1112, T1071.001, T1059.001, T1134, T1059.001, T1562.001, T1490, T1112, T1112, T1562.009, T1112"
246,"T1071.001, T1566.002, T1059.001, T1620, T1071.001, T1059.001, T1059.003, T1069.002, T1071.001, T1566.002, T1547.001, T1005, T1113, T1106, T1074.001, T1204.002, T1543.003, T1548.002, T1071.001, T1059.003, T1112, T1112, T1112, T1112, T1562.009, T1112, T1112"
247,"T1071.001, T1566.002, T1059.001, T1620, T1071.001, T1087.001, T1071.001, T1105, T1059.003, T1053.005, T1059.001, T1106, T1074.001, T1005, T1113, T1134, T1059.003, T1562.001, T1112, T1059.001, T1562.001, T1490, T1112, T1112, T1112"
248,"T1071.001, T1566.002, T1204.002, T1071.001, T1059.001, T1082, T1071.001, T1204.002, T1547.004, T1106, T1074.001, T1113, T1005, T1548.002, T1071.001, T1059.003, T1112, T1562.009, T1490, T1112, T1112, T1112, T1562.001, T1112, T1562.001"
249,"T1071.001, T1566.002, T1204.002, T1071.001, T1087.001, T1059.003, T1069.001, T1071.001, T1566.002, T1547.001, T1059.001, T1005, T1106, T1074.001, T1113, T1071.001, T1134, T1059.003, T1562.001, T1112, T1112, T1562.001, T1562.009, T1112, T1112"
24_C0002,"T1071.001, T1566.002, T1204.002, T1071.001, T1087.001, T1083, T1083, T1071.001, T1204.002, T1204.002, T1059.001, T1547.004, T1106, T1074.001, T1113, T1134, T1059.003, T1112, T1112, T1562.009, T1112, T1112, T1059.001, T1562.001, T1562.001, T1112, T1562.001, T1112"
250,"T1071.001, T1566.002, T1059.001, T1620, T1071.001, T1083, T1057, T1059.001, T1082, T1083, T1071.001, T1071.001, T1204.002, T1547.001, T1106, T1074.001, T1005, T1113, T1113, T1071.001, T1548.002, T1071.001, T1059.003, T1562.009, T1059.001, T1562.001, T1490, T1562.001, T1112, T1112, T1562.001"
25_C0004,"T1071.001, T1204.002, T1071.001, T1059.003, T1087.002, T1059.001, T1057, T1083, T1053.005, T1106, T1074.001, T1113, T1005, T1548.002, T1071.001, T1059.003, T1112, T1112, T1562.009, T1112, T1112, T1562.001, T1490, T1059.001, T1562.001"
26_C0005,"T1071.001, T1566.002, T1204.002, T1071.001, T1059.003, T1018, T1059.001, T1082, T1018, T1071.001, T1566.002, T1547.004, T1106, T1074.001, T1113, T1005, T1134, T1059.001, T1562.001, T1059.003, T1112, T1112, T1562.009, T1562.001, T1562.001"
27_C0006,"T1071.001, T1566.002, T1204.002, T1071.001, T1059.001, T1057, T1083, T1083, T1057, T1082, T1071.001, T1204.002, T1204.002, T1204.002, T1071.001, T1204.002, T1547.001, T1106, T1560, T1113, T1134, T1059.003, T1562.001, T1112, T1112, T1112, T1112, T1562.009, T1112, T1562.001, T1112"
28_C0007,"T1071.001, T1566.002, T1204.002, T1071.001, T1059.001, T1057, T1018, T1049, T1087.001, T1057, T1059.003, T1018, T1082, T1040, T1134, T1059.003, T1547.001, T1106, T1560, T1113, T1005, T1562.001, T1112, T1112, T1112, T1562.009, T1059.001, T1562.001, T1562.001"
29_C0010,"T1071.001, T1204.002, T1071.001, T1059.003, T1018, T1059.001, T1082, T1018, T1547.004, T1106, T1074.001, T1113, T1005, T1548.002, T1071.001, T1059.001, T1562.001, T1059.003, T1112, T1112, T1112, T1562.009, T1562.001, T1562.001"
2_AA24-046A,"T1071.001, T1204.002, T1071.001, T1083, T1059.003, T1018, T1083, T1018, T1087.002, T1059.001, T1547.001, T1113, T1005, T1106, T1074.001, T1548.002, T1204.002, T1071.001, T1059.001, T1562.001, T1112, T1059.003, T1112, T1112, T1490, T1112, T1562.009"
30_C0011,"T1071.001, T1566.002, T1204.002, T1071.001, T1059.003, T1018, T1059.001, T1082, T1018, T1071.001, T1566.002, T1547.001, T1106, T1074.001, T1113, T1005, T1548.002, T1204.002, T1071.001, T1059.003, T1562.001, T1112, T1112, T1112, T1562.009, T1071.001, T1566.002, T1071.001, T1059.001, T1071.001, T1005, T1071.001, T1566.002, T1203, T1203, T1059.001, T1562.001"
31_C0012,"T1071.001, T1566.002, T1059.001, T1620, T1071.001, T1018, T1059.003, T1087.002, T1040, T1059.001, T1124, T1057, T1083, T1049, T1069.001, T1057, T1083, T1135, T1071.001, T1105, T1053.005, T1113, T1005, T1106, T1560, T1071.001, T1134, T1059.001, T1562.001, T1059.003, T1112, T1112, T1490, T1112, T1112"
32_C0013,"T1071.001, T1566.002, T1204.002, T1071.001, T1083, T1059.001, T1135, T1057, T1059.003, T1071.001, T1204.002, T1547.001, T1005, T1113, T1106, T1074.001, T1134, T1059.003, T1490, T1562.009, T1112, T1112, T1562.001, T1112, T1112"
33_C0014,"T1071.001, T1566.002, T1059.001, T1620, T1071.001, T1083, T1083, T1059.001, T1124, T1040, T1135, T1059.003, T1018, T1057, T1049, T1069.001, T1018, T1071.001, T1105, T1053.005, T1005, T1113, T1106, T1560, T1134, T1059.003, T1112, T1112, T1562.001, T1059.001, T1562.001, T1112, T1562.009, T1112, T1112, T1562.001, T1112"
34_C0015,"T1071.001, T1566.002, T1059.001, T1620, T1071.001, T1059.001, T1135, T1018, T1124, T1057, T1083, T1057, T1083, T1071.001, T1566.002, T1547.001, T1106, T1074.001, T1005, T1113, T1059.003, T1112, T1134, T1059.001, T1562.001, T1059.003, T1562.001, T1112, T1562.001, T1112, T1562.009"
35_C0016,"T1071.001, T1566.002, T1204.002, T1071.001, T1059.001, T1069.002, T1071.001, T1566.002, T1547.001, T1106, T1074.001, T1113, T1005, T1059.003, T1112, T1134, T1059.003, T1112, T1562.009, T1490, T1112, T1059.001, T1562.001, T1562.001, T1562.001"
36_C0017,"T1071.001, T1566.002, T1059.001, T1620, T1071.001, T1087.001, T1059.001, T1082, T1071.001, T1113, T1113, T1113, T1113, T1113, T1113, T1113, T1113, T1566.002, T1071.001, T1134, T1059.003, T1547.001, T1112, T1112, T1490, T1112, T1562.001, T1059.001, T1059.001, T1562.001, T1112, T1112"
37_C0018,"T1071.001, T1566.002, T1059.001, T1620, T1071.001, T1059.003, T1087.002, T1071.001, T1566.002, T1059.001, T1547.001, T1113, T1005, T1106, T1074.001, T1548.002, T1204.002, T1071.001, T1059.003, T1112, T1059.001, T1071.001, T1059.001, T1562.001, T1112, T1112, T1490, T1562.001"
38_C0040,"T1071.001, T1204.002, T1071.001, T1059.001, T1069.002, T1049, T1547.004, T1106, T1074.001, T1113, T1005, T1071.001, T1134, T1059.003, T1112, T1562.001, T1112, T1112, T1562.001, T1566.002, T1059.001, T1560, T1071.001, T1204.002, T1113, T1059.001, T1562.001, T1112"
39_C0021,"T1071.001, T1566.002, T1059.001, T1620, T1071.001, T1059.001, T1135, T1069.002, T1049, T1059.003, T1018, T1071.001, T1071.001, T1204.002, T1547.001, T1005, T1106, T1560, T1113, T1134, T1059.003, T1112, T1112, T1562.001, T1490, T1112, T1112"
3_ALPHVBlackcat,"T1071.001, T1566.002, T1204.002, T1071.001, T1018, T1087.001, T1040, T1049, T1071.001, T1204.002, T1059.003, T1053.005, T1059.001, T1113, T1005, T1106, T1074.001, T1059.001, T1566.002, T1059.001, T1059.001, T1071.001, T1134, T1059.001, T1106, T1113, T1071.001, T1566.002, T1071.001, T1548.002, T1071.001, T1071.001, T1059.001, T1562.001, T1112"
40_C0022,"T1071.001, T1566.002, T1059.001, T1620, T1071.001, T1083, T1083, T1087.001, T1059.001, T1071.001, T1566.002, T1547.001, T1113, T1106, T1074.001, T1005, T1071.001, T1134, T1059.003, T1112, T1112, T1112, T1490, T1059.001, T1204.002, T1204.002, T1071.001, T1204.002, T1059.001, T1562.001, T1562.001, T1112"
41_C0023,"T1071.001, T1204.002, T1071.001, T1049, T1083, T1059.001, T1547.004, T1106, T1074.001, T1005, T1113, T1134, T1059.003, T1112, T1112, T1490, T1112, T1112, T1059.001, T1562.001, T1112, T1112"
42_C0024,"T1071.001, T1566.002, T1059.001, T1620, T1071.001, T1059.001, T1059.003, T1069.002, T1018, T1057, T1083, T1087.002, T1082, T1057, T1018, T1071.001, T1566.002, T1053.005, T1005, T1106, T1074.001, T1113, T1204.002, T1543.003, T1548.002, T1071.001, T1059.001, T1562.001, T1059.003, T1562.001, T1562.001, T1112, T1562.009, T1112"
43_C0025,"T1071.001, T1566.002, T1059.001, T1620, T1071.001, T1018, T1071.001, T1105, T1059.001, T1547.004, T1113, T1005, T1059.003, T1112, T1071.001, T1071.001, T1548.002, T1204.002, T1543.003, T1071.001, T1071.001, T1071.001, T1071.001, T1059.003, T1562.009, T1112, T1562.001, T1112, T1059.001, T1562.001, T1562.001"
44_C0026,"T1071.001, T1204.002, T1071.001, T1057, T1059.001, T1135, T1547.004, T1113, T1005, T1106, T1074.001, T1134, T1059.003, T1490, T1112, T1562.001, T1112, T1059.001, T1562.001, T1112, T1562.009, T1112"
45_C0027,"T1071.001, T1566.002, T1059.001, T1620, T1071.001, T1059.003, T1069.001, T1087.002, T1071.001, T1566.002, T1547.001, T1059.001, T1005, T1113, T1106, T1074.001, T1071.001, T1071.001, T1071.001, T1204.002, T1548.002, T1071.001, T1059.003, T1562.001, T1059.001, T1562.001, T1112, T1112, T1112, T1112"
46_C0028,"T1071.001, T1566.002, T1059.001, T1620, T1071.001, T1059.003, T1018, T1040, T1018, T1071.001, T1566.002, T1547.001, T1059.001, T1005, T1106, T1074.001, T1113, T1548.002, T1204.002, T1071.001, T1059.003, T1112, T1112, T1112, T1112, T1059.001, T1071.001, T1059.001, T1562.001, T1562.001, T1562.009, T1562.001, T1112"
47_C0029,"T1071.001, T1566.002, T1059.001, T1620, T1071.001, T1059.001, T1082, T1134, T1071.001, T1566.002, T1059.001, T1547.004, T1113, T1005, T1106, T1074.001, T1059.003, T1562.009, T1562.001, T1112, T1562.001, T1562.001, T1490"
48_C0030,"T1071.001, T1566.002, T1059.001, T1620, T1071.001, T1059.001, T1124, T1059.003, T1018, T1135, T1071.001, T1566.002, T1547.004, T1113, T1005, T1106, T1074.001, T1204.002, T1059.003, T1548.002, T1071.001, T1059.003, T1112, T1490, T1112, T1112, T1053.005, T1071.001, T1071.001, T1059.001, T1204.002, T1204.002, T1071.001, T1071.001, T1204.002, T1203, T1071.001, T1059.001, T1562.001, T1562.001, T1112"
49_C0031,"T1071.001, T1204.002, T1071.001, T1083, T1059.001, T1135, T1083, T1057, T1547.004, T1005, T1113, T1106, T1074.001, T1134, T1059.003, T1112, T1112, T1059.001, T1562.001, T1562.001, T1112, T1490, T1112"
4_PhobosRansomware,"T1071.001, T1566.002, T1059.001, T1620, T1071.001, T1059.001, T1082, T1057, T1083, T1083, T1087.001, T1057, T1071.001, T1204.002, T1547.001, T1113, T1005, T1106, T1560, T1134, T1059.001, T1562.001, T1059.003, T1112, T1562.001, T1562.001, T1490, T1562.009"
50_C0032,"T1071.001, T1566.002, T1059.001, T1620, T1071.001, T1059.001, T1057, T1059.003, T1018, T1069.002, T1071.001, T1566.002, T1053.005, T1113, T1106, T1074.001, T1005, T1134, T1059.003, T1112, T1112, T1112, T1112, T1562.001, T1562.001, T1562.009, T1112"
51_C0033,"T1071.001, T1204.002, T1071.001, T1059.003, T1053.005, T1059.001, T1106, T1074.001, T1113, T1005, T1548.002, T1071.001, T1059.003, T1490"
52_C0034,"T1071.001, T1566.002, T1059.001, T1620, T1071.001, T1059.001, T1106, T1074.001, T1134, T1059.003, T1562.009, T1490, T1059.001, T1562.001"
53_C0035,"T1071.001, T1566.002, T1059.001, T1620, T1071.001, T1059.001, T1005, T1134, T1059.001, T1562.001"
54_C0036,"T1071.001, T1566.002, T1059.001, T1620, T1071.001, T1134, T1059.003, T1490"
55_C0037,"T1071.001, T1566.002, T1204.002, T1071.001, T1134, T1059.003, T1112, T1112"
56_C0038,"T1071.001, T1566.002, T1059.001, T1620, T1071.001, T1059.001, T1057, T1057, T1059.003, T1087.002, T1071.001, T1105, T1053.005, T1005, T1106, T1074.001, T1113, T1134, T1059.001, T1562.001, T1059.003, T1562.009, T1562.001, T1562.001, T1112, T1490"
57_C0039,"T1071.001, T1204.002, T1071.001, T1057, T1059.001, T1057, T1071.001, T1547.004, T1005, T1106, T1074.001, T1113, T1548.002, T1071.001, T1059.001, T1562.001, T1059.003, T1562.009, T1112, T1112, T1562.001, T1112, T1490"
58,"T1071.001, T1566.002, T1059.001, T1620, T1071.001, T1059.001, T1057, T1057, T1071.001, T1566.002, T1547.004, T1005, T1106, T1560, T1113, T1134, T1059.001, T1562.001, T1059.003, T1562.009, T1112, T1562.001, T1112, T1490"
59,"T1071.001, T1566.002, T1059.001, T1620, T1071.001, T1059.001, T1057, T1057, T1134, T1071.001, T1105, T1059.001, T1547.001, T1106, T1074.001, T1113, T1059.003, T1562.009, T1112, T1112, T1562.001, T1112, T1490"
5_PlayRansomware,"T1071.001, T1566.002, T1059.001, T1620, T1071.001, T1083, T1083, T1018, T1071.001, T1105, T1059.001, T1547.004, T1113, T1005, T1106, T1560, T1134, T1059.001, T1562.001, T1059.003, T1112, T1562.001, T1562.001, T1490, T1562.009"
60,"T1071.001, T1566.002, T1059.001, T1620, T1071.001, T1059.001, T1057, T1057, T1071.001, T1105, T1547.001, T1005, T1106, T1560, T1113, T1071.001, T1134, T1059.001, T1562.001, T1059.003, T1562.009, T1112, T1112, T1562.001, T1112, T1490"
61,"T1071.001, T1566.002, T1059.001, T1620, T1071.001, T1059.003, T1087.002, T1059.001, T1135, T1018, T1071.001, T1204.002, T1547.004, T1113, T1106, T1074.001, T1005, T1071.001, T1548.002, T1071.001, T1059.001, T1562.001, T1071.001, T1059.003, T1071.001, T1566.002, T1071.001, T1204.002, T1203, T1203, T1106, T1106, T1071.001, T1059.003, T1112, T1112, T1112, T1562.001, T1562.009"
62,"T1071.001, T1566.002, T1204.002, T1071.001, T1059.001, T1082, T1071.001, T1059.003, T1087.002, T1135, T1134, T1059.003, T1547.001, T1113, T1106, T1074.001, T1005, T1059.001, T1562.001, T1112, T1112, T1490, T1112, T1562.001, T1112, T1562.009"
63,"T1071.001, T1566.002, T1204.002, T1071.001, T1087.001, T1059.001, T1135, T1018, T1113, T1113, T1113, T1113, T1071.001, T1113, T1113, T1204.002, T1059.001, T1547.004, T1134, T1059.001, T1562.001, T1059.003, T1112, T1112, T1490, T1112, T1562.001, T1112, T1562.009"
64,"T1071.001, T1566.002, T1059.001, T1620, T1071.001, T1059.003, T1087.002, T1059.001, T1135, T1018, T1071.001, T1566.002, T1547.001, T1113, T1106, T1074.001, T1005, T1134, T1059.001, T1562.001, T1059.003, T1112, T1112, T1490, T1112, T1562.001, T1112, T1562.009"
65,"T1071.001, T1566.002, T1059.001, T1620, T1071.001, T1087.001, T1059.001, T1135, T1071.001, T1204.002, T1547.004, T1113, T1106, T1074.001, T1134, T1059.001, T1562.001, T1059.003, T1112, T1112, T1490, T1112, T1562.001, T1112, T1562.009"
66,"T1071.001, T1566.002, T1204.002, T1071.001, T1059.001, T1057, T1059.003, T1069.002, T1134, T1071.001, T1566.002, T1053.005, T1113, T1106, T1074.001, T1005, T1059.003, T1112, T1112, T1112, T1562.001, T1562.009, T1490, T1562.001, T1112"
67,"T1071.001, T1566.002, T1204.002, T1071.001, T1018, T1059.001, T1057, T1059.003, T1069.001, T1071.001, T1566.002, T1547.001, T1106, T1074.001, T1005, T1134, T1059.001, T1562.001, T1059.003, T1112, T1112, T1562.001, T1562.009, T1562.001"
68,"T1071.001, T1566.002, T1204.002, T1071.001, T1018, T1059.001, T1057, T1069.002, T1071.001, T1566.002, T1059.003, T1547.001, T1113, T1106, T1074.001, T1005, T1071.001, T1134, T1059.003, T1112, T1562.001, T1562.009, T1490, T1562.001, T1112"
69,"T1071.001, T1566.002, T1204.002, T1071.001, T1018, T1059.001, T1057, T1082, T1059.003, T1069.001, T1134, T1059.003, T1547.001, T1113, T1106, T1074.001, T1005, T1112, T1112, T1112, T1562.001, T1562.009, T1490, T1562.001, T1112"
6_RhysidaRansomware,"T1071.001, T1566.002, T1059.001, T1620, T1071.001, T1059.003, T1018, T1018, T1087.002, T1069.001, T1134, T1071.001, T1105, T1059.001, T1546, T1113, T1005, T1106, T1074.001, T1562.001, T1112, T1059.003, T1112, T1112, T1112, T1490, T1112, T1562.009, T1112"
70,"T1071.001, T1566.002, T1204.002, T1071.001, T1018, T1059.001, T1057, T1069.002, T1071.001, T1566.002, T1547.004, T1113, T1106, T1074.001, T1005, T1548.002, T1204.002, T1071.001, T1059.003, T1112, T1112, T1112, T1562.001, T1562.009, T1490, T1059.001, T1562.001, T1112"
71,"T1071.001, T1566.002, T1204.002, T1071.001, T1083, T1059.003, T1018, T1134, T1071.001, T1204.002, T1053.005, T1059.001, T1005, T1113, T1059.003, T1562.001, T1112, T1112, T1562.001, T1490, T1112, T1562.001, T1112"
72,"T1071.001, T1566.002, T1204.002, T1071.001, T1087.001, T1083, T1059.003, T1018, T1071.001, T1566.002, T1547.001, T1059.001, T1005, T1113, T1106, T1074.001, T1204.002, T1204.002, T1548.002, T1071.001, T1059.003, T1562.001, T1112, T1112, T1071.001, T1059.001, T1059.001, T1562.001, T1490, T1112, T1562.001"
73,"T1071.001, T1566.002, T1204.002, T1071.001, T1059.001, T1057, T1087.001, T1057, T1059.003, T1018, T1071.001, T1566.002, T1547.001, T1005, T1113, T1106, T1074.001, T1134, T1059.003, T1562.009, T1112, T1562.001, T1112, T1112, T1112, T1059.001, T1562.001, T1112, T1562.001, T1112"
74,"T1071.001, T1566.002, T1059.001, T1620, T1071.001, T1059.003, T1087.002, T1083, T1018, T1071.001, T1566.002, T1547.001, T1059.001, T1005, T1113, T1106, T1074.001, T1134, T1059.001, T1562.001, T1059.003, T1112, T1112, T1562.001, T1490, T1112, T1562.001, T1112"
75,"T1071.001, T1566.002, T1204.002, T1071.001, T1059.001, T1082, T1087.001, T1083, T1059.003, T1018, T1071.001, T1204.002, T1547.001, T1005, T1113, T1106, T1074.001, T1071.001, T1566.002, T1548.002, T1071.001, T1071.001, T1071.001, T1059.003, T1562.001, T1112, T1112, T1204.002, T1106, T1113, T1071.001, T1134, T1059.001, T1562.001, T1490, T1112, T1562.001, T1112"
76,"T1071.001, T1566.002, T1204.002, T1071.001, T1059.001, T1135, T1040, T1106, T1560, T1005, T1113, T1071.001, T1134, T1059.003, T1562.001, T1112, T1562.001, T1112, T1059.001, T1562.001, T1562.009, T1112"
77,"T1071.001, T1204.002, T1071.001, T1059.001, T1135, T1040, T1547.004, T1106, T1074.001, T1005, T1113, T1134, T1059.003, T1562.001, T1562.001, T1059.001, T1562.001, T1112, T1562.009, T1112"
78,"T1071.001, T1566.002, T1204.002, T1071.001, T1059.001, T1135, T1040, T1106, T1071.001, T1204.002, T1113, T1204.002, T1071.001, T1204.002, T1059.003, T1547.001, T1106, T1074.001, T1071.001, T1059.001, T1059.001, T1548.002, T1071.001, T1059.001, T1562.001, T1059.003, T1112, T1562.001, T1112, T1562.001, T1562.009, T1112"
79,"T1071.001, T1566.002, T1059.001, T1620, T1071.001, T1059.001, T1135, T1040, T1071.001, T1566.002, T1547.001, T1005, T1113, T1134, T1059.001, T1562.001, T1059.003, T1112, T1562.001, T1112, T1562.001, T1562.009, T1112"
7_ScatteredSpider,"T1071.001, T1566.002, T1204.002, T1071.001, T1087.001, T1083, T1071.001, T1566.002, T1059.001, T1547.001, T1106, T1074.001, T1113, T1134, T1059.001, T1562.001, T1562.001, T1059.003, T1112, T1112, T1112, T1490"
80,"T1071.001, T1566.002, T1204.002, T1071.001, T1059.001, T1135, T1071.001, T1204.002, T1059.003, T1053.005, T1106, T1074.001, T1005, T1113, T1548.002, T1071.001, T1059.001, T1562.001, T1059.003, T1112, T1562.001, T1112, T1562.001, T1562.009, T1112"
81,"T1071.001, T1566.002, T1059.001, T1620, T1071.001, T1087.001, T1059.001, T1071.001, T1566.002, T1547.001, T1005, T1106, T1074.001, T1113, T1204.002, T1548.002, T1071.001, T1059.003, T1562.001, T1112, T1562.009, T1112, T1112, T1562.001, T1112"
82,"T1071.001, T1566.002, T1204.002, T1071.001, T1040, T1059.001, T1135, T1018, T1049, T1071.001, T1204.002, T1547.001, T1106, T1074.001, T1005, T1548.002, T1071.001, T1059.001, T1562.001, T1059.003, T1112, T1059.003, T1071.001, T1059.003, T1112, T1112, T1562.009"
83,"T1071.001, T1566.002, T1059.001, T1620, T1071.001, T1059.001, T1069.002, T1018, T1135, T1071.001, T1071.001, T1204.002, T1547.001, T1113, T1106, T1074.001, T1005, T1134, T1059.001, T1562.001, T1059.003, T1490, T1562.001, T1112, T1112, T1112, T1562.001, T1112"
84,"T1071.001, T1566.002, T1204.002, T1071.001, T1083, T1083, T1071.001, T1059.003, T1566.002, T1547.001, T1059.001, T1106, T1074.001, T1113, T1005, T1071.001, T1204.002, T1548.002, T1071.001, T1059.003, T1112, T1059.001, T1071.001, T1059.001, T1562.001, T1112, T1112, T1562.001, T1112, T1490, T1562.009"
85,"T1071.001, T1566.002, T1204.002, T1071.001, T1083, T1059.001, T1057, T1071.001, T1566.002, T1547.001, T1005, T1106, T1560, T1113, T1134, T1059.001, T1562.001, T1059.003, T1112, T1490, T1112, T1562.001, T1112, T1112, T1112"
86,"T1071.001, T1566.002, T1204.002, T1071.001, T1059.001, T1082, T1069.002, T1071.001, T1566.002, T1547.001, T1005, T1106, T1074.001, T1113, T1059.003, T1112, T1204.002, T1543.003, T1548.002, T1071.001, T1059.003, T1112, T1204.002, T1059.001, T1071.001, T1071.001, T1071.001, T1005, T1113, T1566.002, T1059.001, T1562.001, T1562.009, T1562.001, T1562.001"
87,"T1071.001, T1566.002, T1204.002, T1071.001, T1083, T1083, T1071.001, T1071.001, T1071.001, T1204.002, T1071.001, T1059.003, T1059.003, T1071.001, T1071.001, T1053.005, T1059.001, T1005, T1106, T1560, T1112, T1134, T1059.003, T1112, T1112, T1059.001, T1562.001, T1562.009, T1112, T1112, T1562.001"
88,"T1071.001, T1566.002, T1059.001, T1620, T1071.001, T1059.001, T1082, T1069.002, T1071.001, T1566.002, T1547.001, T1005, T1106, T1074.001, T1059.003, T1112, T1204.002, T1543.003, T1548.002, T1071.001, T1059.003, T1112, T1112, T1071.001, T1005, T1059.001, T1071.001, T1071.001, T1071.001, T1204.002, T1105, T1071.001, T1113, T1566.002, T1203, T1203, T1059.001, T1562.001, T1562.009, T1112, T1112, T1562.001"
89,"T1071.001, T1566.002, T1204.002, T1071.001, T1059.003, T1069.002, T1057, T1071.001, T1566.002, T1053.005, T1059.001, T1005, T1106, T1560, T1113, T1112, T1204.002, T1543.003, T1548.002, T1071.001, T1059.003, T1112, T1112, T1059.001, T1562.001, T1562.009, T1112, T1112, T1562.001"
8_SnatchRansomware,"T1071.001, T1566.002, T1059.001, T1620, T1071.001, T1059.001, T1057, T1083, T1057, T1071.001, T1204.002, T1547.004, T1005, T1106, T1074.001, T1134, T1059.003, T1562.001, T1112, T1490, T1059.001, T1562.001, T1562.009"
90,"T1071.001, T1566.002, T1059.001, T1620, T1071.001, T1059.001, T1059.003, T1069.002, T1071.001, T1566.002, T1053.005, T1005, T1106, T1074.001, T1113, T1112, T1134, T1059.003, T1112, T1112, T1059.001, T1562.001, T1562.009, T1112, T1112, T1562.001"
91,"T1071.001, T1566.002, T1059.001, T1620, T1071.001, T1071.001, T1566.002, T1071.001, T1134, T1059.003, T1547.001, T1113, T1059.001, T1005, T1106, T1560, T1562.001, T1490, T1112, T1112, T1071.001, T1071.001, T1059.003, T1566.002, T1204.002, T1204.002, T1071.001, T1566.002, T1059.001, T1562.001, T1112, T1112"
92,"T1071.001, T1566.002, T1059.001, T1620, T1071.001, T1049, T1071.001, T1566.002, T1059.003, T1547.001, T1059.001, T1113, T1005, T1106, T1074.001, T1204.002, T1543.003, T1548.002, T1071.001, T1059.003, T1562.001, T1490, T1112, T1112, T1059.001, T1562.001, T1112, T1112"
93,"T1071.001, T1566.002, T1204.002, T1071.001, T1049, T1134, T1071.001, T1566.002, T1059.001, T1547.004, T1113, T1005, T1106, T1074.001, T1059.003, T1562.001, T1490, T1112, T1112, T1562.001, T1112, T1112"
94,"T1071.001, T1566.002, T1204.002, T1071.001, T1083, T1083, T1071.001, T1566.002, T1059.003, T1547.001, T1059.001, T1113, T1005, T1134, T1059.001, T1562.001, T1059.003, T1562.001, T1490, T1112, T1562.009"
95,"T1071.001, T1566.002, T1204.002, T1071.001, T1059.001, T1082, T1049, T1071.001, T1566.002, T1547.001, T1113, T1005, T1106, T1074.001, T1134, T1059.003, T1562.001, T1490, T1112, T1112, T1059.001, T1562.001, T1112, T1112"
96,"T1071.001, T1566.002, T1059.001, T1620, T1071.001, T1087.001, T1059.001, T1059.003, T1069.002, T1071.001, T1566.002, T1547.001, T1106, T1074.001, T1113, T1134, T1059.001, T1562.001, T1059.003, T1112, T1562.009, T1112, T1112, T1112, T1112, T1112"
97,"T1071.001, T1204.002, T1071.001, T1059.001, T1082, T1059.003, T1087.002, T1069.002, T1547.001, T1106, T1074.001, T1113, T1005, T1548.002, T1204.002, T1071.001, T1059.001, T1562.001, T1059.003, T1562.009, T1112, T1490, T1112, T1562.001, T1112"
98,"T1071.001, T1566.002, T1059.001, T1620, T1071.001, T1059.001, T1082, T1059.003, T1087.002, T1069.001, T1071.001, T1566.002, T1547.001, T1106, T1074.001, T1113, T1005, T1134, T1059.001, T1562.001, T1059.003, T1562.009, T1112, T1490, T1112, T1562.001, T1112"
99,"T1071.001, T1566.002, T1204.002, T1071.001, T1059.001, T1082, T1087.001, T1071.001, T1204.002, T1547.004, T1106, T1074.001, T1113, T1005, T1071.001, T1134, T1059.003, T1059.001, T1562.001, T1562.009, T1112, T1490, T1112, T1562.001, T1112"
9_BlackBasta,"T1071.001, T1566.002, T1059.001, T1620, T1071.001, T1083, T1059.001, T1135, T1083, T1071.001, T1566.002, T1547.001, T1106, T1074.001, T1005, T1113, T1134, T1059.003, T1562.001, T1490, T1059.001, T1562.001, T1112, T1562.001, T1562.009"
